公布批次,名称,区县,地址,建造年代,面积（㎡）,权属性质,管理单位,保护状况,开放情况,当前用途,描述,经度,纬度,文保单位级别,世界遗产
1,拙政园,姑苏区,姑苏区东北街178号,明,45790,国有,苏州市园林和绿化管理局,好,开放,游览服务,拙政园始建于明正德年间（1509年），由御史王献臣以大宏寺址拓建为园。之后，屡易园主，或为官僚地主的私园，或为官署的一部分，或散为民居，且其间经过多次改建。明崇祯年间（1631年）侍郎王心一购园林东部荒地建“归田园居”，后逐渐荒废。1951年11月起由政府对拙政园进行了全面整修，1960年重建东部花园，1961年列为全国重点文物保护单位。1997年被联合国教科文组织列入《世界遗产名录》。,120.629156,31.324043,全国,TRUE
1,留园,姑苏区,姑苏区留园路338号,明,20390,国有,苏州市园林和绿化管理局,好,开放,游览服务,留园于明代万历年间（1593年）由太仆寺少卿徐泰时始建。清嘉庆初（1798年），留园为苏州洞庭东山刘恕所有，名寒碧庄。同治十二年（1873），园林部分为常州盛康购得，改名留园。1953年苏州市人民政府拨款整修留园，于年底竣工。1991年修缮义庄、祠堂。1998改建西南部为苏州园林档案馆。1961年列为全国重点文物保护单位。1997年被联合国教科文组织列入《世界遗产名录》。,120.592681,31.315628,全国,TRUE
1,网师园,姑苏区,姑苏区阔家头巷11号,清,5970,国有,苏州市园林和绿化管理局,好,开放,游览服务,"网师园原为南宋史正志万卷堂故址，花园名为“渔隐”，后废。清代乾隆年间（1765年前后）由光禄寺少卿宋宗元所建，取名""网师小筑""。乾隆末年（1795年）归太仓富商瞿远村，同治年间为江苏按察使李鸿裔所有，光绪三十三年（1907年）园归将军达桂。辛亥革命后，军阀张作霖购得此园，赠于其师张锡銮作庆寿大礼，易名""逸园""。1940年文物收藏家何亚农买下此园，复用""网师园""旧名，1950年何亚农后人将网师园捐献给国家，1958年秋，由苏州市园林管理处接管，又扩建了“梯云室”一区庭院和冷泉亭、涵碧泉等，于1959年开放。1982年列为全国重点文物保护单位。1997年被联合国教科文组织列入《世界遗产名录》。",120.634179,31.298146,全国,TRUE
1,环秀山庄,姑苏区,姑苏区景德路272号,清,1950,国有,苏州市园林和绿化管理局,好,开放,游览服务,环秀山庄始建于清朝乾隆年间，为一官僚私园。乾隆末年归尚书毕沅，其后屡有兴废。道光末成为汪姓宗祠的一部分，更名为环秀山庄。中华人民共和国成立前，园中建筑除补秋舫（又名“补秋山房”）外全部頽毁。1953年对假山进行了抢修，1984年全面整修。1987年列为全国重点文物保护单位。1997年被联合国教科文组织列入《世界遗产名录》。2007年6月1日，苏州刺绣研究所有限公司将环秀山庄移交给拙政园管理处，同年9月26日，环秀山庄经修整后再次对外开放。,120.61345,31.310405,全国,TRUE
1,沧浪亭,姑苏区,姑苏区沧浪亭街3号,宋,14460,国有,苏州市园林和绿化管理局,好,开放,游览服务,沧浪亭始建于北宋庆历五年(1045年)，为诗人苏舜钦所建，以“沧浪濯缨”之典故取名。后归章、龚两氏。南宋韩世忠曾居此，时称韩园。元代改为妙隐庵、大云庵。明嘉靖廿五年(1546年)，僧人文瑛复建。清康熙三十五年(1696年)，江苏巡抚宋荦移亭土阜之上；道光、同治年间又进行了修葺、重建，逐渐形成现状。1953年9月，苏州市园林古迹修整委员会对其整修，于1955年春节对外开放。2000年被联合国教科文组织列入《世界遗产名录》，2006年被列为全国重点文物保护单位。,120.625408,31.29471,全国,TRUE
1,狮子林,姑苏区,姑苏区园林路23号,元,11120,国有,苏州市园林和绿化管理局,好,开放,游览服务,狮子林建于元代至正二年（1342年），是天如禅师维则的弟子为其所建。因园内多假山，形似狮子，取佛教中狮子座意，故名为“狮子林”。狮子林初期寺园合一，房屋不多，竹与石占大半。至正十二年易名“菩提正宗寺”，元末明初张士诚女婿潘元绍居住，明洪武初年“归并承天能仁寺”，洪武六年倪瓒作狮子林图，万历二十年建起佛殿，崇祯十五年创铸铜铺顶，清为状元黄轩居住。1912年上海民政总长李钟钰购得，1917年由贝仁元购得。后几易其主，1953年狮子林由苏州文管会接管，1954年园林管理处接管开放。2000年被联合国教科文组织列入《世界遗产名录》，2006年被列为全国重点文物保护单位。,120.629344,31.320766,全国,TRUE
1,艺圃,姑苏区,姑苏区文衙弄5-7号,明,5450,国有,苏州市园林和绿化管理局,好,开放,游览服务,艺圃始建于明嘉靖年间（1541年），袁祖庚在现艺圃故址上建宅园，名“醉颖堂”。明万历末年，文震孟入主醉颖堂改名为“药圃”。清初顺治十七年山东莱阳人姜埰购得，改称“颐圃”，又名敬亭山房，后又称“艺圃”。清道光十九年商人胡寿康、张如松为创建丝绸同业会馆而购此园，称会馆为“七襄公所”。1984年修复竣工并正式对外开放。2000年被联合国教科文组织列入《世界遗产名录》，2006年列为全国重点文物保护单位。,120.609261,31.313072,全国,TRUE
1,耦园,姑苏区,姑苏区小新桥巷5-9号,清,7740,国有,苏州市园林和绿化管理局,好,开放,游览服务,耦园始建于清雍正年间，由保宁知府陆锦致仕归故里后始构“涉园”于此，又名“小郁林”。咸丰年间毁于兵燹。同治十三年（1874年），按察使湖州沈秉成重修扩建为一宅两园的现存格局，光绪二年（1876年）落成，易名为“耦园”。1956年归振亚丝织厂管理。1960年划归苏州市园林管理处管理，1965年东花园修复对游人开放。1993年全面整修中部住宅和西花园。2000年被联合国教科文组织列入《世界遗产名录》。2001年列为全国重点文物保护单位。,120.637992,31.315934,全国,TRUE
1,曲园,姑苏区,姑苏区人民路马医科43号,清,3020,国有,苏州市文学艺术界联合会,好,开放,游览服务,"曲园建于清代。由著名文学家、朴学大师俞樾于同治十三年（1874年）购得马医科巷西大学士潘世恩故宅废地，作为起居、著述之处。在居住区之西北原有隙地如曲尺形，取老子""曲则全""之意，构筑小园取名""曲园""。1954年，俞樾曾孙著名学者俞平伯先生将曾祖故居捐献给国家。1982年由市园林局实施对故居厅堂建筑的维修，至1983年完成了乐知堂、春在堂等主要厅堂的修复工作。1986年10月对外开放。1989年又动迁居民20余户，拆除园内三层住宅楼，修复门厅、轿厅和园中亭、廊、斋、阁等建筑及曲池。1990年继续恢复了假山。2006年列为全国重点文物保护单位。",120.618539,31.309228,全国,
1,天香小筑,姑苏区,姑苏区人民路878号,民国,3010,国有,苏州市文广新局,好,开放,游览服务,天香小筑建于民国初年，原为民国初年从事金融业的金氏宅第，1920年归北洋政府陆军中将苏谦所有，始称苏庄。1933年由席启荪重建为中西合璧的花园别墅。抗战沦陷时期，为伪江苏省省长李士群官邸，后又归汪伪师长徐朴诚所有。中华人民共和国成立后为苏州市人民政府所在地。“文革”中遭到破坏，1979年整理修复，1981年市人大常委会搬此办公，现为苏州图书馆的一部分，2008年列为全国重点文物保护单位。,120.623665,31.299839,全国,
1,织造署旧址,姑苏区,姑苏区带城桥下塘18号,清,970,国有,苏州市教育局,好,不开放,单位使用,始建于清代。曾是苏州织造署的西花园，为皇帝行宫后花园。园内瑞云峰，也是江南园林太湖石名峰之一，被誉为“妍巧甲于江南”。 原织造署规模宏大，在1860年毁于庚申之劫。1871年小规模重建，现存头门、仪门、大堂、西花园瑞云峰等。2013年列为全国重点文物保护单位。,120.63514,31.300287,全国,
1,北寺塔,姑苏区,姑苏区人民路652号,宋,23590,宗教产,苏州市北塔报恩寺,好,开放,宗教场所,重建于宋代。此处原为苏州最古老的佛寺，古称通玄寺。唐开元年间（713－741年）改为开元寺，当时寺内有假山、水池、竹林、果园等，程公辟有诗云：“携觞步入千花界，借塌清临一水间。”五代北周显德年间易名为报恩寺。南宋建炎年间金兵南侵，寺、塔毁于战火，荡然无存。绍兴年间重建，恢复旧貌。2006年北寺塔列为全国重点文物保护单位。塔东北隅原有后花园，内有北斗山、大同塔、昭三墓、水池等，二十世纪八十年代新建“梅圃”。,120.61982,31.321479,全国,
1,寒山寺,姑苏区,姑苏区寒山寺弄24号,清,10030,宗教产,苏州市寒山寺,好,开放,宗教场所,寒山寺始建于南朝梁天监年间，古称枫桥寺，清代重建。南宋绍兴四年（1134年）重修寺院。该寺曾多次毁于战火。现存殿宇多为清代重建。据《重修寒山寺记》云：“水木明瑟，亭延秋月，楼对春山…曲榭回廊，因寺为园。”1954年初曾进行全面整修，并移建宋仙洲巷某宅花蓝楼于寺中，恢复“枫江第一楼”旧额。1982年被列为江苏省文物保护单位。,120.569666,31.310533,省级,
1,五峰园,姑苏区,姑苏区五峰园弄15号,明,1290,国有,苏州市园林和绿化管理局,好,开放,游览服务,始建于明嘉靖年间（1522—1566），由画家文伯仁（1502—1575）在此建造私家宅园。因园中叠筑五座太湖石峰，故名五峰园。文伯仁迁居后，为退休官僚杨成所得。杨成之后，园屡易主，园史湮没，后散为民居，唯五峰独存。民国初为王永顺木行主购得，唐氏租屋开五峰园茶馆。其后园内空地渐改民宅。抗日战争前后，办过煤炭铺作场、裕大织布厂。新中国成立后，1956年有绸厂、民族乐器厂迁入，后又散为民居。1979年列为修复计划项目，1983年由苏州市园林管理局对峰石进行保护性加固。1998年整修，所有建筑均为新建。2002年被列为江苏省文物保护单位。,120.609551,31.317165,省级,
1,西园,姑苏区,姑苏区留园路西园弄18号,明,49670,宗教产,苏州市西园戒幢律寺,好,开放,宗教场所,始建于明代，初名“归元寺”。明朝嘉靖年间太仆寺卿徐泰时将归元寺改为别墅和住宅，建园更名为“西园”，后徐泰时的儿子徐溶舍园为寺，仍名“归元寺”。明崇祯八年茂林和尚住持该寺，为弘扬律宗，改寺名为“戒幢律寺”，寺亦成为著名的律宗道场之一。清咸丰十年(1860)毁于战乱。光绪初年(1875)，由广慧和尚筹资修建，并改名为“西园戒幢律寺”，俗称“西园寺”。园在寺之西，胜景以“放生池”为最。池中有湖心亭和曲桥，池东、西分别有厅、轩等建筑。1982年列为江苏省文物保护单位。,120.587172,31.314389,省级,
1,惠荫园,姑苏区,姑苏区南显子巷18号,明,6280,国有,苏州市教育局,中,不开放,单位使用,始建于明。园址初为明代嘉靖年间归湛初宅园，后属胡汝淳，名“洽隐山房”。园中有“小林屋”水假山，为叠山名家、画家周时臣仿太湖洞庭西山林屋洞设计，是全园的精华。康熙四十六年毁于火，惟存东南半壁奇峰秀石，乾隆十六年修复。太平天国时一度作为听王府，园景有所损。清同治年间，李鸿章再次设安徽会馆，并重修园林。民国后，园渐破败，曾作阅报社、游艺场。中华人民共和国成立后归于一初中。2001年至2002年对假山及建筑进行整修。2006年列为江苏省文物保护单位。,120.630862,31.313293,省级,
1,听枫园,姑苏区,姑苏区庆元坊12号,清,1310,国有,苏州市文广新局,好,预约开放,单位使用,建于清代，主人吴云，曾署苏州知府的湖州人，因园内有古枫婆娑，名“听枫园”。光绪九年(1883)吴云卒后，词人朱祖谋曾寓居此园。1928年，园归陈氏。中华人民共和国成立后，曾相继为教师进修学校、第二中学、评弹研究室、评弹团使用，1979年又迁入下放回城的评弹演员十余户。1983年，由市文化局动工整修，1984年底竣工。1985年国画院迁入。2006年被列为江苏省文物保护单位。,120.619481,31.308127,省级,
1,怡园,姑苏区,姑苏区人民路1265号,清,4440,国有,苏州市园林和绿化管理局,好,开放,游览服务,怡园始建于清末，自同治至光绪年间由浙江宁绍道台顾文彬子顾承主持营造，历时9年。1953年顾家后人将园献给国家，由苏州市园林修整委员会接管，整修开放。1972年、1995年两次因人民路拓宽，怡园东部入口部分均向内缩进。1982年被列为江苏省文物保护单位。,120.621909,31.307768,省级,
1,畅园,姑苏区,姑苏区庙堂巷22号,清,2820,国有,苏州风景园林集团,好,不开放,民宿酒店,始建于清代。系清代道台王某所建，清末民初王姓衰败，园内曾开设茶馆。约民国7年为律师潘姓购得，修葺一新。其后潘姓去沪。花园在解放初出租与张姓、方姓住入照看。1958年调查时，园尚完整。刘敦桢赞为“园景丰富而多层次，是苏州有代表性的小园之一。”1959年由市园林处接管，“文化大革命”中破坏严重， 1988年进行修复。1998年被列为江苏省文物保护单位。,120.614448,31.30319,省级,
1,可园,姑苏区,姑苏区人民路708号,清,6990,国有,苏州市园林和绿化管理局,好,开放,游览服务,建于清代。北宋时属苏舜钦所建沧浪亭的一部分，雍正六至九年(1728-1731年)尹继善任江苏巡抚期间在此地建“近山林 ”，取孔子“仁者乐山，智者乐水”之意，称“乐园 ”，乾隆年间改其名为“可园”。嘉庆十年(1806年)两江总督钱保江，苏州巡抚汪志伊在可园旧址建正谊书院，后可园经数次修缮，辛亥革命时期，张默君女士曾在可园内办《大汉报》。民国三年，可园属省立苏州图书馆。新中国成立后，1951年，可园为苏南工业专科学校办公及师生疗养用，1957年，为苏州医学院使用。1963年列为苏州市文物保护单位。2014年起全面修缮。,120.624994,31.296123,市级,
1,鹤园,姑苏区,姑苏区韩家巷4号,清,3060,国有,苏州市政协,好,不开放,单位使用,建于清光绪三十三年，因俞樾书有“携鹤草堂”匾而取名“鹤园”。民国31年售与苏纶纱厂厂主严氏，曾作纱厂办事处。中华人民共和国成立后，严氏将园献与人民政府。始为市政协办公之所。文化大革命期间园中匾额楹联几全毁坏。其后相继为印刷厂、物资局、汽车配件厂等使用。1978年复归政协。1980年国家拨款10万元进行全面整修，2007年再次修缮。1963年被列为苏州市文物保护单位。,120.618483,31.309005,市级,
1,北半园,姑苏区,姑苏区白塔东路60号,清,1160,国有,苏州创元集团,好,开放,单位使用,建于清代咸丰6年，由江苏道台陆解眉所建，至1949年尚有陆氏后人居此。1954年起，先后在此办平江木器盆桶社、东吴丝织厂五工场车间。1956年房屋公营为织带厂所用。1966年为纺织修配二站，即苏州第三纺织机械厂使用。1980年规划修复，1992年三纺机厂出资对半园进行全面整修向社会开放。后由“北半园商务休闲俱乐部”承包。2007年，为适应城市发展需求，原厂迁出。2009年8月起由创元集团公司整修。1982年列为苏州市文物保护单位。,120.633416,31.3194,省级,
1,柴园,姑苏区,姑苏区醋库巷44号,清,3590,国有,苏州市教育局,中,开放,游览服务,建于清代，为道光年间潘曾琦宅园，同治年间，两淮盐运使柴安圃购得，重修后，俗称柴园。中华人民共和国成立后，园为苏州南区政府所在地。1957年后为苏州市聋哑学校，1974年在园内建平房作校办工厂。1978年拆除池北面原有曲楼，建三层教学楼。1982年柴园被列为市级文物保护单位，并列入古典园林修复规划。1985年维修鸳鸯厅、船厅。2014年开始全面整修。,120.629338,31.301027,市级,
1,残粒园,姑苏区,姑苏区装驾桥巷34号,清,2390,私有,私人,中,不开放,私人,建于清代。光绪年间为扬州某盐商住宅的一部分，称为东园。后归姚大赉，民国十八年归画家吴待秋，取李商隐“红豆琢残鹦鹉粒”句意，名“残粒”，由吴氏居住至今。1998年列为苏州市文物保护单位。,120.621781,31.318774,省级,
1,遂园,姑苏区,姑苏区景德路303号,清,3310,国有,苏大儿童医院,中,开放,游览服务,清康熙年间，江苏巡抚慕天颜购得明申时行花园旧址，改建为慕家花园。后园主相继易为知府河南席椿、大学士海宁陈元龙、谷州尉志斌。乾隆年间，东部归尚书毕浣，俗称毕园。道光年间，道员董国华告老后购得西部。宣统年间，安徽刘树人改名遂园。民国20年（1931），刘氏后裔以2.1万银元售与沪商吴涤尘。民国二十六年（1937）又归东山叶氏，改名荫庐。1940年为日军宪兵队占用。五十年代改为厂房，填池毁园。1959年划归儿童医院。1983年医院在园东部新建楼房。1991年1月4日，荫庐公布为第三批苏州市文物保护单位。2000年经过整修，成为医院附属园林。,120.613009,31.309602,市级,
1,塔影园,姑苏区,姑苏区山塘街845号,清,8280,国有,苏州市教育局,中,不开放,游览服务,建于清代。清乾隆时蒋重光建，光绪二十八年（1902）巡抚恩寿奉敕为李鸿章建祠，又名靖园。抗日战争时期，曾被日军驻营。解放前夕，安徽人士在此建立“私立淮上中学”，后改名“苏州虎丘初级中学”、“苏州市二十八中学”。学校在1971年后建造三幢教学大楼，园景受到破坏。1976改办为江苏省幼儿师范学校。 2006年至今为苏州高等幼儿师范学校。1998年被列为苏州市文物保护单位。,120.581099,31.332317,市级,
1,朴园,姑苏区,姑苏区高长桥8号,民国,4740,国有,苏州市文广新局,中,开放,游览服务,建于民国时期。由商人汪兆铭所建，抗战时被日寇占用，抗战胜利后，又驻国民党军队，花园遭破坏。中华人民共和国成立后，朴园归公，1953年，国家公路总局第三工程队购得此园，开办疗养院，增建三层楼房一幢。以后均为单位使用，又在原花园处建三层楼房一幢，使花园面貌大为逊色。1974年朴园划归市卫生局，成为卫生防疫站。1980年，朴园列为苏州古典园林修复规划项目，加以保护。2005年，朴园在经过保护性修复后成为苏州市非物质文化遗产保护中心、桃花坞木刻年画博物馆。1991年列为苏州市文物保护单位。,120.614878,31.323799,市级,
1,万氏花园,姑苏区,姑苏区王洗马巷7号,清,2670,私有,私人,好,不开放,私人,建于清代光绪年间，曾归铁瓶巷任氏，后归万姓。中华人民共和国成立后，美和布厂、毛巾厂、疗养院先后使用，后散为民居，属房管部门管理。1959年时较完整，2007年时已半废，2009年5月修复后为私人所有。,120.613836,31.312575,省级,
1,拥翠山庄,姑苏区,姑苏区虎丘景区内,清,740,国有,苏州市园林和绿化管理局,好,开放,游览服务,建于清代。杨岘《拥翠山庄记》载：光绪甲申（1884）春，由内阁学士兼礼部侍郎洪钧等人集资在虎丘憨憨泉旁月驾轩遗址上建成。1887年江苏巡抚朱谷骏在山庄西侧建月驾轩放置钱大昕题书之“海涌峰”碑。民国12年（1923）起，山庄下有平房一院，连同抱瓮轩等改为虎阜小学（原名私立敦仁小学），1953年起由苏州市园林管理处接手逐年整修，是一处极具特色的山地园林。2009年列为苏州市文物保护单位。,120.58156,31.335813,市级,
1,南半园,姑苏区,姑苏区仓米巷24号,清,5250,国有,苏州创元集团,差,不开放,空置,建于清代咸丰同治年间（1851—1874），由布政使史杰所建，20世纪30年代，陆鸿仪于南半园设律师事务所，中华人民共和国成立后，私房改造时归公，先后为市税务局、轴承厂、第三光学仪器厂使用。“文革”中花园受到严重破坏，水池、假山、花木及部分建筑被毁，仅存半园草堂。住宅建筑较为完整。1982年南半园被列为市级文物保护单位。1984年，住宅中两座精美的花篮厅得到保护修整，并列入苏州古典园林修复规划。,120.62089,31.30299,市级,
1,慕园,姑苏区,姑苏区富仁坊巷72号,清,1230,国有,苏州电信公司,差,不开放,单位使用,始建于清代，现68号东路建筑内尚存道光壬辰（1832）题款砖额。为太平军占领苏城时慕王谭绍光府邸，称慕园。50年代初归工艺美术局使用。1962年慕园归园林管理处，经整修改建为苏州盆景园，培植、陈列苏州著名树桩盆景，供群众游览欣赏，成为国内最早专类盆景园之一，“文化大革命”中被迫关闭。1972年园归市邮电局，池西池北部分新建楼房，并建设停车场。1980年规划为修复项目，现为苏州市控制保护建筑。,120.622673,31.308356,,
1,吴家花园,姑苏区,姑苏区东小桥弄3号,民国,2360,私有,苏州市国家安全局,中,不开放,单位使用,建于民国时期。原为国民党台湾“总统府”秘书长吴忠信（1884-1959）寄寓苏州时的宅园。吴忠信早年毕业于江南武备学校，入同盟会、中华革命党，历任国民党江苏省政府委员、安徽省政府主席等职。（多处书籍将其与比邻的罗良鉴园相混淆，系两园园址均位于明代墨池园遗址之故。）民国10年（1921）冬吴忠信任桂林卫戍司令，不久辞职，翌年到苏州休养。蒋介石为其在东小桥弄建花园住宅一座，即吴家花园。吴忠信受蒋介石委托，接蒋氏离婚的二夫人姚冶诚及蒋氏次子蒋纬国由沪来苏，一度暂住此宅。宅园原占地11000平方米，有建筑面积1000平方米。新中国成立后该园一度归苏州专署公安处使用。花园一部分新建楼房，成为民居。,120.634828,31.301306,,
1,绣园,姑苏区,姑苏区马医科27号,清,840,私有,私人,好,不开放,私人,建于清光绪元年（1875）。沈寿丈夫余觉在马医科购得一园第，创办同立绣校，兼作福寿绣品公司。翌年5月，余觉、沈寿夫妇进京，此园屋出租与人。民国2年（1913）后，余觉由张謇委派赴沪负责经营福寿绣品公司，后因经营不善，公司亏损，余觉以4000元将马医科园宅作价给张謇，以此抵偿公司债务。后二年，张謇以4500元售与庞国钧。庞氏后将此改为庞氏义庄，取名“居安”。1966年由苏州市房管局整修，取名“绣园”。1995年，苏州市房管局对该园东部加以整修，西部为新建。现为苏州市控制保护建筑。,120.620014,31.309553,,
2,燕园,常熟市,常熟市辛峰巷8号,清,3520,国有,常熟市旅游局,好,开放,游览服务,燕园建于清乾隆四十五年（1780），由台湾知府蒋元枢建造，初名“蒋园”。1829年，山东泰安县令蒋因培（号伯生）出资购得此园，大加修葺增饰，并请江南叠山名家戈裕良用本邑虞山黄石在园中叠成假山一座，名“燕园”。道光二十七年（1847），园为邑人知县归子瑾购得。光绪三十四年（1908），园为清外务部郎中张鸿购得，重加修葺。中华人民共和国成立后，该园先后由常熟市（县）公安局、文化馆、皮革厂等单位使用。1984-1985年修复部分建筑，并对公众开放。1998-2000年，燕园再次实施修复工程。2007年，燕园进行了东扩及修缮工程，扩建面积千余平方米。,120.74408,31.648343,全国,
2,曾园,常熟市,常熟市翁府前7号,清,14000,国有,常熟市旅游局,好,开放,游览服务,曾园原为明万历监察御史钱岱“小辋川”部分遗址，为清同治、光绪年间刑部郎中曾之撰构筑，取名“虚廓居”，亦为其子晚清著名文学家、翻译家曾朴先生故居。中华人民共和国成立后，曾园先后由常熟师范学校、县委党校、县文教局、苏州地区师范学校、苏州师范专科学校等使用。1995年，由常熟市建设局园林部门完成首期重修工程，并对外开放。2004年，常熟市政府启动曾赵园修复工程，将曾园与赵园贯通，2005年对外开放。,120.73606,31.641833,省级,
2,赵园,常熟市,常熟市翁府前7号,清,16000,国有,常熟市旅游局,好,开放,游览服务,赵园原为明万历监察御史钱岱所筑“小辋川”部分遗址。清嘉庆、道光年间为邑人吴峻基所有，初名水壶园，又名水吾园。清咸丰十年（1860）该园被毁。清同治、光绪年间，阳湖赵烈文寓居常熟购得此园，门额“静圃”，俗称赵吾园。民国后园归盛宣怀，盛氏复舍于常州天宁寺为下院，故又更名为宁静莲社。中华人民共和国成立后，先后由常熟师范学校、县委党校、县文教局、苏州地区师范学校、苏州师范专科学校等使用。2004年，常熟市政府启动曾赵园修复工程，赵园与曾园贯通，2005年对外开放。,120.617698,31.303948,省级,
2,兴福禅寺,常熟市,常熟市寺路街108号,南朝,9000,宗教产,常熟兴福禅寺,好,开放,游览服务,常熟兴福禅寺始建于南齐。南齐延兴至中兴年间（494-502年），倪德光（曾任郴州刺史）舍宅为寺，初名“大悲寺”。梁大同五年（539年）大修并扩建，改名“福寿寺”，因寺在破龙涧旁，故又称“破山寺”。唐懿宗咸通九年，敕赐大钟及“兴福寺”额，因名兴福寺。乾隆三十七年（1772年）建亭勒石，立碑在兴福寺内，至今仍完整无损。名句“曲径通幽处，禅房花木深”即吟咏此处。据寺志记载，南宋时东西两园就已成规模，匠心营造金石树木，亭台水榭。,120.723283,31.666945,,
2,松梅小圃,常熟市,常熟市沙家浜镇唐市片区王家山,清,9890,国有,常熟市沙家浜镇人民政府,好,开放,游览服务,松梅小圃，现名飘香园，原为清康熙年间进士王维定所建。乾隆五十年（1785）归黄延煌，改称黄氏北宅园，后又归程姓。咸丰十年毁于战火。民国初归龚维才，重建住宅、庭院。中华人民共和国成立后改名飘香园，取丹桂飘香之意。松梅小圃是沙家浜镇的文化活动中心，1995年至1996年间，相继建成沙家浜镇图书馆、沙家浜镇评弹馆和沙家浜历史文化馆。2009年5月21日，园内老宅楼中厅被列为第七批常熟市文物保护单位。,120.856237,31.547232,县级,
2,方塔园,常熟市,常熟市环城东路,宋,29800,国有,常熟市旅游局,好,开放,游览服务,方塔（全名崇教兴福寺塔）始建于南宋建炎四年（1130）。咸淳间（1265-1274），僧法润（一说法渊）重建。历元、明、清，几经重修。清咸丰间，寺内建筑俱毁，仅存方塔。1963年9月开始方塔进行大修，1964年9月竣工。1977年起，于塔院内建亭台阁榭，堆筑假山，移植花木，辟为方塔园，并将大东门总管庙的一座大殿移建于塔寺旧址。1978年，中国佛教协会会长赵朴初为塔题额“崇教兴福寺塔”。1998年起，进行方塔园二期扩建工程，2000年全面建成开放。2003年，常熟市碑刻博物馆并入方塔园。,120.748768,31.645453,全国,
2,南园,太仓市,太仓市城厢镇南园东路7号,明,33300,国有,太仓市弇山园管理处,好,开放,游览服务,南园原为明代万历年间首辅王锡爵赏梅种菊处，于明万历年间始建，原占地18亩。清初，其孙子大画家王时敏邀请当时一代造园名家张南垣主持增拓其园。1998年为弘扬娄东文化，太仓市政府决定修复南园，并邀请省文管会戚德耀工程师一起，参考了收集的老南园照片，图纸资料，逐步给以恢复。重建修复的南园，在南园旧址的基础上加以了扩建，目前占地50多亩。,121.116817,31.441733,,
2,张厅,昆山市,昆山市周庄北市街38号,明,1880,国有,江苏水乡周庄旅游发展股份有限公司,好,开放,游览服务,张厅始建于明代正统年间，由明代中山王徐达的弟弟徐孟清的后代所建，原名怡顺堂，清初转让张姓，改为玉燕堂，俗称张厅。张厅是江南民居比较典型的前厅后堂格局，是周庄保存比较完整的明清建筑，为江苏省文物保护单位。,120.85069,31.113855,省级,
2,退思园,吴江区,吴江区同里镇新填街234号,清,5670,国有,苏州同里国际旅游开发有限公司,好,开放,游览服务,退思园始建于清光绪十一年至十三年（1885--1887），是当时安徽凤颖六泗兵备道任兰生的私宅，由著名画家袁龙设计。1980年5月被列为吴江县首批文物保护单位。1981年被列为江苏省太湖风景区之一。1982年被江苏省第三批文物保护单位。1982—1989年对退思园进行全面修复。1984年起庭院与园林部分对外开放。1999年2月获得“苏州市十佳园林”称号。2000年11月被列入《世界遗产名录》。2001年6月被列为第五批全国重点文物保护单位。,120.719694,31.158375,全国,
2,师俭堂锄经园,吴江区,吴江区震泽镇宝塔街12号,清,240,国有,震泽旅游文化发展有限公司,好,开放,游览服务,清同治三年（1864）师俭堂建成，至民国年间，一直为震泽望族徐氏家族经商、居住使用。1971年，师俭堂136间除留给自住房屋1间外，其余房屋予以全部没收变为直管公房，由房管所将临街铺面出租给供销社，其余出租给37户居民居住。1983年，将楼厅（二）西部退给徐氏后裔，余者仍由当地居民租住。1995年师俭堂被列为江苏省第四批文物保护单位。2001年7月，对师俭堂的住户进行搬迁、置换。2002年8月，师俭堂进行全面修缮，并完成内部的复原陈列。2004年4月，师俭堂作为旅游景点对外开放。2006年5月，师俭堂被公布为“第六批全国重点文物保护单位”。,120.301336,31.030084,全国,
2,耕乐堂,吴江区,吴江区同里镇西上元街陆家埭127号,明,4200,国有,苏州同里国际旅游开发有限公司,好,开放,游览服务,耕乐堂始建于明代。1949年后归公，一度为私立育青中学校舍，后由地区福利院使用。1981年被列为江苏省太湖风景区同里景区的八景之一。1986年7月被列为吴江县第二批文物保护单位。1998年同里镇政府启动耕乐堂修缮工程。2002年7月竣工并对外开放。2002年10月被列为江苏省第五批文物保护单位。2013年被列为第七批全国重点文物保护单位。,120.715675,31.15795,全国,
2,陶氏花园,姑苏区,姑苏区盛家浜8号,民国,1500,国有,林裕堂文化艺术有限公司,好,开放,空置,陶氏宅园为陶伯渊故居。陶伯渊，生卒不详，苏州人，曾任东吴丝织厂经理，其父陶耕荪在1919年创办东吴绸厂。东吴厂后发展为苏州四大绸厂之一，塔夫绸是代表产品。陶氏宅园总占地1400平方米，陶伯渊在民国时期购入此处房产并重建而成。宅园内中西式建筑共存。园南为大门，进门即为庭园，园北为松迎堂，再北为西式二层洋楼一栋，青瓦尖顶，中式玻璃门窗考究。宅园东路另有一园，有假山、角亭、水池。东北角为翰墨楼，二层中式硬山顶。园内另有百年以上古树多棵。,120.613256,31.303656,市级,
2,雷氏别墅花园,姑苏区,姑苏区庙堂巷 8 号,民国,2600,国有,上海外贸疗养所（停业）,差,不开放,单位使用,建于民国（1935年前后），原西部中式庭院已废，今存东部西式别墅一幢，1993年西部中式庭院废址复建小庭院，中有水池，周有湖石假山。现为苏州市文物保护单位。,120.615932,31.303449,市级,
2,墨园,姑苏区,姑苏区人民路2114号苏州阀门厂内,民国,7500,国有,苏州市阀门厂,差,不开放,单位使用,建于民国时期。1932年，江苏省政府主席顾祝同委托苏州裘松记营造厂为其小妾建一座宅园，园址选在梅村桥东南堍。花园部分由朱顺记营造厂设计施工，有松毛亭、荷花亭、湖心亭、八角琴室，荷花池围以湖石，池中有九曲桥，园内叠有湖石假山，散置大小立峰，遍植名木名花，有松柏、荷花、紫玉兰、白玉兰等。抗战胜利后，顾祝同部下佘仲良在墨园建起自立农场，园内南部增建西式洋楼、牛舍等建筑。解放初，自立农场改为国营苏州地方农场，后归苏州阀门厂使用至今。现为苏州市控制保护建筑。,120.61761,31.325487,全国,
2,顾氏花园,姑苏区,姑苏区申庄前4号,清,420,私有,顾雪岐,差,不开放,私人,建于清代。园主原为清末河南柘城县令马嘉桢。民国21年，上海老介纶绸店主顾培鸿以2万银元从马氏后裔购得。1956年私房实行社会主义改造，住宅北部的花园遍植红、绿梅树，后为服装厂使用，现原貌无存。其子保留住宅西南部花园。五六十年代，古树数株倒死，古琴被毁，部分石笋移他园，余保存至今。现为苏州市控制保护建筑。,120.612596,31.307771,,
2,双塔影园,姑苏区,姑苏区官太尉桥15、17号,清,3000,国有,苏州新沧浪房地产有限公司,好,不开放,单位使用,建于清代，为袁学澜故居，抗战后散落为民居，违章建筑较多。1996年，由苏州新沧浪房地产的前身，即苏州沧浪房地产开发公司投资购得，动迁住户，并着手对老宅进行了全面修缮、保养和维护，历时三载，遂复旧观。现为新沧浪房地产公司和“吴都学会”的办公场所。现为苏州市文物保护单位。,120.634283,31.307625,市级,
2,詹氏花园,姑苏区,姑苏区闾邱坊4、6号,清,1900,国有,苏州市社会福利院,中,不开放,空置,建于清代嘉庆二十一年，旧为朱宅。1943年，詹沛霖与夫人为儿子詹家驹结婚买下了这座古宅。上世纪五十年代对私宅改造时，静中院仅保留了门厅及西路花厅，其余的都被占用了。1982年园林普查时，还留有花篮厅、书房、角亭、假山和月洞门等，除原有水池被填，余状尚好，为民居。2002年，西面的房产归还，詹家拿出17万元资金将住户迁出，又花费了80余万元进行了修复，并将古宅捐赠给了市社会福利院。后詹家又进行了重建，2005年10月，静中院全部修缮完毕。2006年创办翡翠玉石大型市场，入驻经营户50多家。2007年园林普查时，住宅建筑已拆毁一进为停车场，其余几进建筑保存完好。现为苏州市控制保护建筑。,120.621552,31.31537,市级,
2,唐寅故居遗址,姑苏区,姑苏区西大营门双荷花池13号,明,8740,国有,苏州桃花坞发展建设有限公司,差,不开放,游览服务,建于明代，即宝华庵，又称文昌阁。弘治十八年（1505），唐寅于桃花坞择地建宅，署额桃花庵。清顺治初，名医沈明生得其址，时人称为唐家园。乾隆年间僧禅林、道心改建为宝华庵，光绪年间又曾改作文昌阁。目前由苏州桃花坞发展建设有限公司在原址上进行了整体修复。现为苏州市文物保护单位。,120.64132,30.975498,市级,
2,渔庄,姑苏区,姑苏区石湖渔家村,民国,1500,国有,苏州市园林和绿化管理局,好,开放,游览服务,建成于民国23年（1934），书法家余觉（号石湖老人）别墅，题名觉庵、觉庐，俗称余庄，后来改称渔庄。1965年，进行全面修复。1982年，再次进行修复。现为苏州市文物保护单位。,120.592332,31.252777,市级,
2,严家花园,吴中区,吴中区木渎镇羡园街98号,清,11100,国有,苏州市木渎旅游发展实业公司,好,开放,游览服务,始建于清乾隆年间，因最后一代园主姓严，俗称“严家花园”。前身是清朝乾隆年间的苏州大名士、《古诗源》作者沈德潜的旧居“竹啸轩”。道光八年（1828），此园被木渎诗人钱端溪买下，钱氏叠石疏池，筑亭建楼，起名“端园”。光绪二十八年（1902），端园转让给木渎首富严国馨。严氏买下端园后，由香山帮建筑大师姚承祖率领能工巧匠重茸一新，并改“端园”为“羡园”。抗战期间，曾一度被日军侵占，园内建筑遭严重破坏，严氏后人将废园卖与国民政府。中华人民共和国成立后，在此开办了吴县农具厂，其产权为吴县农具厂所有，后由木渎镇政府收购，于2000年11月开始修复并开放。,120.50959,31.252211,,
2,启园,吴中区,吴中区东山镇启园路,民国,46700,国有,吴中太湖旅游集团,好,开放,游览服务,启园始建于民国，园址原名叶家浜，是太湖边种稻养鱼的十余亩洼地。上世纪三十年代，东山人席启荪买进这块地，在临湖一边挖土，扩展到70余亩，为纪念其祖上在此迎候康熙皇帝而耗资十万（当时币值），历时3年建成这座私家园林，所以又名席家花园。1984年被国务院批准列为太湖风景名胜区主要景点之一，政府多次拨款进行整修扩建。,120.414336,31.088763,市级,
2,古松园,吴中区,吴中区木渎镇山塘街23号,清,10000,国有,苏州市木渎旅游发展实业公司,好,开放,游览服务,古松园始建于清末，为清末木渎四大富翁之一蔡少渔的故居。因园内有一株古罗汉松得名古松园。中华人民共和国成立后，蔡宅曾做机关厂房，原有建筑、古树均保存良好。木渎镇政府于1998年9月进行整修清理，现对外开放。,120.513259,31.250466,,
2,保圣寺,吴中区,吴中区甪直镇,南北朝,9550,国有,吴中区文物保护管理所,好,开放,游览服务,保圣寺始建于梁天监二年（503）。后世变迁甚多，寺院荒芜，殿宇倾塌殆尽。中华人民共和国成立后寺内半堂塑璧罗汉在1961年列全国重点文物保护单位。1974年，原吴县文管办采纳了上海同济大学陈从周教授设计规划：整修了保圣寺山门，山门内栽松、种竹、击池，成为园林格局。八十年代起在各个独立分散的建筑物间重修了陆龟蒙墓（市保）及恢复斗鸭池等建筑。增建了教育家叶圣陶墓及纪念馆（市保）。,120.871169,31.269927,,
2,高义园,吴中区,吴中区天平山南麓天平山风景区内,明,53000,国有,苏州市园林和绿化管理局,好,开放,游览服务,高义园始建于唐宝历年间，原为宋朝范仲淹祠堂。园西白云古刹始建于唐宝历二年（826），初为白云庵，以白云泉得名。北宋庆历四年（1044）范仲淹因祖茔所在，奏请为范氏功德香火院，仁宗赵祯额“白云禅寺”，亦名天平寺。元末毁，明洪武重建。现有寺宇为晚清重建。,120.502586,31.283207,,
2,寒山别业遗址,吴中区,吴中区天平山西北面,明,168000,国有,吴中区林场,差,开放,游览服务,明万历二十二年（1594），赵宧光（凡夫）买山葬父赵含玄于此无名之山，自辟岩壑，凿山引泉，植松栽竹，构筑山庄别业，并将此山题名寒山。清初，寒山别业改为精蓝僧舍，分成寒山禅院（俗称报恩寺）及法螺、化城、空空、盘陀诸庵，后因山洪而毁。遗址内无假山，无建筑，有水池、山泉等多处，山中存10余处明清摩崖石刻。寒山摩崖石刻现为苏州市文物保护单位。,120.664581,31.316042,市级,
2,石佛寺,吴中区,吴中区石湖茶磨山下,宋,4000,国有,苏州市园林和绿化管理局,好,开放,游览服务,始建于南宋淳祐年间，又称“潮音庵”、“妙音庵”。元末毁于兵燹，明洪武年间修复。嘉靖三年（1524），祝允明楷书“古石佛寺”，“石佛寺”之名流传至今。崇祯四年（1631），申用懋倚山崖建阁，重建大殿、茶磨山房。太平天国时期，石佛寺遭受严重破坏，后陆续恢复。民国13年（1924），寺修葺。1966年遭破坏，1986年重修。,120.587854,31.253973,,
3,聚沙园,常熟市,常熟市梅李镇梅东路1号,宋,64000,国有,常熟市梅李聚沙文化旅游发展有限公司,好,开放,游览服务,聚沙园位于常熟市梅李镇梅东路1号。园内聚沙百福宝塔始建于南宋绍兴年间，是国家级文物保护单位。2015年1月被评为国家AAAA级旅游景区，其中“聚沙塔影”是常熟市新虞山十八景之一。,120.879397,31.708067,全国,
3,读书台,常熟市,常熟市虞山东南麓石梅街,清,12000,国有,常熟市文化广电新闻出版局,好,开放,游览服务,读书台位于常熟市虞山东南麓石梅街。相传读书台为南朝梁昭明太子萧统读书之处。现存读书台为清代重修。读书台今尚存昭明太子刻像，碑记等明清遗存，周边焦尾泉、仓圣祠、巫咸祠、雅集亭等错落于参天古木之间。在此观山听泉，读书会友，别有情趣。冬日吟眺雪景，尤多雅兴。书台积雪”，为虞山十八景之一。读书台1982年11月被公布为县（后县改为市）级文物保护单位。原亭内之碑在十年浩劫时已破为二截，1978年，由虞山镇公管所出资复制。1995年，里人翁瘦苍书胡君复题读书台联句“五六月间无暑气；百千年后有书声”，刻于福山龚祥兴捐杞梓木板对，挂于亭之两侧。1993年以来，市园林管理处分期实施改造工程，到1999年止，共投入资金40余万元，修筑围墙366米；翻建道路场地500余平方米，更新了茶室设施，完善了绿化配套，使新建于古迹的公园益发生辉。2007年，市委、市政府决定对书台公园进行维修改造，经过半年多的施工，虞山东麓石刻群、焦尾泉等自然景点与园内的常熟市书画院融合为一体，打造自然景观与人文景观完美结合的典范。在书台公园内现存读书台、游文书院、县立图书馆旧址、虞山东麓摩崖石刻四处常熟市级文物保护单位。,120.737176,31.644394,全国,
3,拂水山庄,常熟市,常熟市虞山镇环湖南路尚湖风景区内,现代,39600,国有,常熟市虞山尚湖旅游发展有限责任公司,好,开放,旅游景点,拂水山庄原址位于虞山南麓拂水岩下，是常熟历史上著名的园林和藏书楼，是文坛大家钱谦益及江南才女柳如是曾经生活过的地方.该园为沿用历史旧名，于2008年在常熟市尚湖风景区内异地新建。新建的拂水山庄由四个部分组成。西侧是根据《明发堂记》规划了一组以明发堂为核心的庭院，庭院背山面水，园内水面有一小岛，上建秋水阁和回廊，水之东，沿岸布置水榭长廊、广植桂花，再现“团桂天香”景色。明发堂庭院之东据《花信楼记》“后山如屏，前湖如镜，堤池折旋，景物赞簇”的记载，规划了一组水院。池北布置五间花信楼，南部池中，建耦耕堂，与花信楼呼应，互为对景。花信楼与耦耕堂之间，通过游廊，西轩连结，在耦耕堂东南向的台地上，建朝阳榭。拂水山庄占地39600平方米，建筑总面积为3047平方米，为传统木结构，一至二层。山庄建筑包括：明发堂、秋水阁、耦耕堂、朝阳榭、花信楼、梅圃溪堂等。全园绿化率为55%。场地及各类广场铺装面积为2500平方米。水面积约1.1万平方米，驳岸800米，假山5000吨，景观桥梁11座。拂水山庄建成后于2011年被评为优秀园林古建工程金奖。,120.684904,31.643315,,
3,翁家花园,常熟市,常熟市虞山镇书院街1号常熟市第一人民医院内,清,6920,国有,常熟市第一人民医院,中,开放,单位使用,之园位于苏州常熟市第一人民医院内，系清光绪间江西、浙江布政使翁曾桂于清光绪二十六年(1900年)所建，俗称“翁家花园”。2009年，“翁家花园”被常熟市政府列为第七批常熟市文物保护单位，并在小岛西侧立碑（现图书馆前）。之园总占地面积6920平方米，园内曲水回流如“之”字形，叠山理水、建筑花木，园林要素齐全，尤以古树名木为珍贵。园内立牌的古树共13株，其中二百年以上一级保护1株，二级保护4株。,120.74015,31.639405,县级,
3,倚晴园,常熟市,常熟市北门大街45号虞山公园内,现代,920,国有,常熟市虞山风景区管理处,好,开放,游览服务,倚晴园位于常熟虞山公园内，栗里茶室旁。1979年建倚晴楼，1985年拆除前民众教育馆，建倚晴园。园以楼为主景，楼分两层，传统式形式，由上海市同济大学建筑系司马铨教授设计，陈从周教授题额，常熟市古建筑公司承建施工。园中场路铺设与环境构建由董浜建筑站和常熟市园林管理处基建组实施。实际工程总价为10.21万元。建造了晚翠亭、归飞亭，建曲廊94.36平方米，楼前凿小池、叠湖石，植桂花、修竹等，外面以青砖黛瓦打造有漏花窗的矮围墙102米。倚晴园占地920平方米，为一封闭庭院，结构精致，小巧优美，环境幽雅，景点荟萃，可称微型园林杰作，也是常熟市园林中独具特色的园中园。,120.736725,31.651201,,
3,顾炎武故居,昆山市,昆山市千灯镇南大街52号,清,39600,国有,千灯镇旅游发展有限公司,好,开放,游览服务,顾炎武故居，位于江苏省昆山市千灯镇，总占地面积39600平方米，其中建筑面积5450平方米。顾炎武墓及祠堂1956年被列为“江苏省文物保护单位”，“文革”期间曾遭到破坏。经过修缮后的顾炎武故居，包括顾炎武故居、亭林祠堂和墓及顾园三个区域，为千灯明清宅第之首。故居为整个宅第主体，朝东落西，为五进古香古色的明清建筑，自东而西依次为水墙门、门厅、清厅（轿厅）、明厅（正厅、楠木厅）、住宅楼，北侧有背弄连接灶房、读书楼和后花园，故居前与千年石板街相接，后与顾炎武墓地和顾园相连。亭林祠和亭林墓。落北朝南，东侧有门与顾炎武故居相通，西侧墙外为顾园。祠南向三间两厢一门楼，以三间相通作一大祭堂。顾园，占地30亩，位于故居西南侧，与故居祠堂及墓均相通。是依史恢复修建的融湖光水色、历史人文为一体、具有江南私家园林风格的游览区。内曲水环绕，亭台坐落，小桥曲径。黛瓦粉墙、花木扶疏、虚实相映，是春阳咏梅、炎夏观荷、进秋赏桂、寒冬览翠的绝佳去处。环水有致用阁、思宜园、颂桔轩、“归奇顾怪”（二石斋）、秀石虬松庄、秋山亭、三徐居、慈母阁、四柿亭等及碑廊等10个景点，各景点以诗文、字画、语录、塑像等形式寓意亭林先生的精神和生平。,120.955959,31.378466,全国,
3,恬庄榜眼府,张家港市,张家港市凤凰镇恬庄古街,清,1950,国有,张家港凤凰镇人民政府,好,开放,游览服务,恬庄榜眼府位于张家港凤凰镇恬庄古街，2005年由凤凰镇政府出资修建。2013年5月，由榜眼府、杨氏孝坊、杨氏南宅组合而成的杨氏宅邸被评为国家级文物保护单位。恬庄榜眼府总面积1950平方米，建筑主体为仿明代建筑，原为清代乾隆初期孝子杨岱所建，后来杨岱的曾孙，杨泗孙在咸丰年间考中榜眼，登第后，奉命入职南书房，为皇家子弟讲学，深得朝廷器重，后回乡重修中宅，改名为榜眼府。榜眼府一共有五进，分别为门厅、轿厅、正厅、内厅、餐厅。砖雕门楼是榜眼府中保存最完整的古建，这座门楼上留有杨岱的笔迹，仔细看的话可以发现这个门楼上的字分为两层，隐约可以看见“外言不入”，里面相对应的“内言不出”，这是当年治家行政的格言，意思为外面的话不要随便带到家里来，家里的话也不要随便讲出去。外层为“乐安世家、厚德载福”，是民国32年常熟人沈道乾（沈抱一）所书，意思为人要培养美好的品德，才能承载福气。,120.669087,31.779241,全国,
3,枫华园,张家港市,张家港市暨阳路与公园路交界处沙洲公园内,现代,6560,国有,张家港市人民政府,好,开放,游览服务,枫华园，位于张家港市区暨阳中路和公园路交汇处沙洲公园内，北临东横河，南北长80米，东西宽（南97米、北67米），呈梯形状，面积6560平方米，原为石灰窑厂，1991年兴建。枫华园以张家港地区历史人文风貌为背景，以清代中叶许宅为基地，在旧址上按照江南水乡园林风格进行复古仿建，达到了从环境上、规模上、风格上保持明清时代的风貌，建有仿古建筑多座，200多米的仿古长廊和亭、台、阁、舫、石拱桥、喷泉、广场等，建有施耐庵石像一尊。荷花池仿古长廊边为棋、牌活动区。园内道路用石板和鹅卵石铺设，园内有太湖石、黄石假山各一座，植有白皮松、银杏、杜虫、重阳木、五针松、金钱松等名树古木，绿化面积80%以上。2004年，为了提高市民的文化品位，让游客在休闲娱乐中了解张家港地区的历史文化，政府决定对枫华园进行文化布置。根据历史文化对仿古建筑进行命名，园内景点达到有文化、有园艺、有历史、有名人，融欣赏、休闲、游乐、教育于一体。,120.551694,31.868853,,
3,先蚕祠花园,吴江区,吴江区盛泽镇蚕花路126号,清,2400,国有,盛泽镇先蚕祠管理委员会,好,开放,游览服务,先蚕祠位于吴江区盛泽镇蚕花路126号，主轴线三进，前为歇山顶砖雕门楼，面阔三间13.5米，进深3.1米，两侧为八字清水墙；过小天井为重建的戏楼连两侧厢楼；第三进为硬山顶蚕皇殿，面阔三间12.25米，进深15.83米。正殿与戏楼间为石板广场，广场450余平方米。西轴线前为三进新建厅堂式院落，前二进单层，后一进双层，现前三进用作吴江丝绸陈列馆；第三进之后为复建庭园，其中三曲梁式挹翠桥原石重建；第四进为复修的议事厅（楼房），面阔三间13.42米，进深6.75米。清道光二十年（1840）由盛泽丝业商人公建；1997年，先期修复门楼；1999年筹资528万元全面修复。1995年为江苏省文物保护单位，2013年为国家文物保护单位。祠内祀蚕丝行业祖师，为目前全国少见的祀蚕神祠。祭祀蚕神为民间信仰，古代择小满节为蚕神诞辰，在祠内演小满戏酬神，名闻遐迩。,120.665398,30.901575,全国,
3,珍珠塔园,吴江区,吴江区同里镇石皮弄16号,明,9160,国有,吴江区同里珍珠塔景点旅游有限公司,好,开放,游览服务,珍珠塔园位于吴江区同里镇石皮弄16号，紧邻世界历史文化遗产退思园，为国家5A级景区。珍珠塔园北枕东溪，南连三桥。由陈御使府、后花园（锦园）、陈家牌楼、祠堂、古戏楼等组成，历史记载为江南民间《珍珠塔》爱情故事发生地。珍珠塔园由苏州明鑫科技集团和同里旅游公司共同联合开发兴建，目前开发的珍珠塔景点群就是在保留现有文物遗迹和人文历史内涵的同时，吸取苏州园林精华，从空间组织和景点安排上形成自身的鲜明个性，使园林整体蕴具古典浪漫精神和传奇色彩。,120.718122,31.160042,,
3,环翠山庄,吴江区,吴江区同里镇大叶港畔,清,4200,企业,苏州吴都建设投资有限公司,好,不开放,私人,环翠山庄最早为清同治年间画家严友兰所建宅园，又称严家花园，占地约五亩，因园内广植翠竹花木，有环翠之意而得名，后为《文汇报》创始人严宝礼先生的私宅。因年久失修，园内两座主体建筑破坏严重，后由苏州吴都建设投资有限公司出资对其进行修建。环翠山庄园林要素齐全，以荷花池为中心，依池而建，池周堆叠有太湖石假山，建有砖雕门楼、八角亭、船舫、四面厅、小飞虹廊桥、梅花馆、观梅台、花厅、绿云小憩、曲桥等。,120.717572,31.153717,,
3,静思园,吴江区,吴江区云梨路919号,现代,44000,企业,苏州静思园有限公司,好,开放,游览服务,静思园位于苏州市吴江区同里古镇西，现隶属于中国青旅实业发展有限责任公司，为国家4A级景区。静思园占地面积66亩，园内有鹤亭桥、嘉会堂、弘雅堂、悟石山房、拜石轩、天香书屋等36景。 静思园于1993年开始建设，2003年正式对外开放。以水美、石奇、房古为主要特色的静思园，既传承了苏州古典园林的文脉，但又不悖于这种形式的简单传承，它更赋予了苏州园林艺术更多层面上的创新与发展。苏州园林大都采用太湖石为园林主石，而静思园则大胆产用了各种造型的灵璧石为主景观石。整个园林的布局，尊重苏州园林艺术特征基础上创新，“求大同，存小异”的革新。静思园所采用的建筑材料都是由全国各地搜集而来古建筑构建，如园中最古老建筑：四面厅，它移建于洞庭西山，此厅建于明代，楠木梁架、木质柱础、台基、介石均为青石质，至今已有400余年的历史。住宅群前后的四进建筑，其中轿厅、大厅和后楼三组清代历史遗构均是从当年“苏州旧城改造”的大拆大建中收购下来的。大厅的“静远堂”梁架上自今还残留着苏式彩绘，轿厅梁架作回纹型雕饰，古拙雅致、匠心独出。,120.687771,31.161216,,
3,明轩实样,姑苏区,姑苏区白塔东路1号东园内,现代,460,国有,苏州市耦园管理处,好,开放,游览服务,明轩实样为美国纽约大都会艺术博物馆建造的“明轩”一园的实样。20 世纪70 年代美国购买到了一批中国明代的家具，摆置在博物馆内设的二楼东亚艺术馆里。为了给这些明代家具寻找一个陈设的背景，博物馆董事、阿斯特基金会负责人文森·阿斯特夫人愿意出资建造一座中国式庭院。经中美双方洽谈，仿照苏州网师园殿春簃庭园建造，取名明轩。双方合同面规定，同样的工程要做两套，第一套作为实样，建造在苏州东园，1979年4月落成。 明轩实样由当时的苏州市园林管理处组织设计，苏州古典园林建筑公司能工巧匠具体施工。明轩实样占地面积460 平方米，建筑面积230 平方米。为典型的苏州园林庭院实样，造园要素齐全，其设计、用材、技术精益求精，完整地体现了苏州造园的技术水平，是当代苏州园林的杰作。 明轩为我国第一座以园林为内容的出口建设项目，为苏州园林走向世界迈出了第一步。工程共计收入130.29万美元，在文化传播和经济效益两方面都取得了可喜的成就。,120.638839,31.320822,,
3,万景山庄,姑苏区,姑苏区山塘街山门巷8号虎丘山风景名胜区东南麓,现代,16000,国有,苏州市虎丘山风景名胜区管理处,好,开放,游览服务,在虎丘山东南麓，前临环山河，后枕养鹤涧。其址原为王珣别业。王珣舍宅为寺后，成东虎丘寺的寺址。五代建寺山上后，此处先后陆续建有短簿祠、东山庙、隆祖塔院、花神庙、大德庵等建筑，遗址遗迹至今尚可指认。20 世纪50 年代部分属虎丘中学。1979 年起在该处建盆景园。1982 年10 月竣工开放，内有厅堂馆阁等仿古建筑，与池石、花木及大量盆景合成一座别具特色的山庄园林，题为“万景山庄”。 万景山庄依山就势构建万松堂、隆祖亭、松风明月厅、集锦阁、山水馆、一览亭等高低错落的仿古建筑。占地面积1.6公顷多，山石嶙峋、水流潺湲、林木苍翠。千年古塔作背景， 千姿百态的盆景与园景相得益彰，与虎丘景区相和谐，具有苏州古典园林风貌、山地园特色，为苏派盆景专业园林。 万景山庄由苏州园林设计院设计，苏州古典园林建筑公司施工。,120.580897,31.333716,,
3,西溪环翠,姑苏区,姑苏区山塘街山门巷8号虎丘山风景名胜区西南麓,清,33700,国有,苏州市虎丘山风景名胜区管理处,好,开放,游览服务,西溪环翠位于虎丘西南麓。西溪，即白居易所开的环山溪西段，晚唐诗人皮日休、陆龟蒙曾泛舟其上，有诗唱和。清乾隆五十一年（1786），陆龟蒙后裔、长洲人陆肇域在西溪东南侧建造西溪别墅，并把甫里陆龟蒙祠中清风亭、桂子轩、斗鸭池、菊畦、竹堤等“八景”全都仿来。另又造西溪草堂、环翠阁、四美楼和亭廊等建筑，四围及庭院中广植花木，以符“环翠”之名。在历史上曾是“虎丘十景”之一，后均毁。2002年4月至2003年5月间由苏州园林设计院设计，苏州古典园林建筑公司施工，恢复西溪环翠景观，初期设计涉及面积33700平方米，建筑面积约600平方米，共投资800余万元，建造成一个相对闭合的园林群落，可分为镜台云梦、西溪环翠、篱门幽竹三个景区。西溪环翠依山傍水，有西溪草堂、环翠阁、清风亭、桂子轩、斗鸭池诸胜。得坡峦起伏之脉，引溪涧泻瀑之势。亭槛台榭，花红当阶；泉池清流，曲水飞觞。绿阴蓊翳，山色如黛，具得山林野趣，尽享返璞归真。既传承历史人文胜迹，又体现当代风景园林新意，是当代苏州园林的代表作。,120.57877,31.33502,,
3,一榭园,姑苏区,姑苏区山塘街山门巷8号虎丘山风景名胜区北,现代,28400,国有,苏州市虎丘山风景名胜区管理处,好,开放,游览服务,一榭园位于虎丘核心景区北侧，据史料记载，一榭园为“邑人薛雪别业，榭前有池，环以林木竹石。”暨诗人薛雪的别业，后因战乱等原因，园林荒废湮没，现为异地重建。新建的一榭园占地面积2.84公顷，位于虎丘山景区中轴线东北侧，整体布局坐东朝西，全园以“宁静幽深”、“朴素淡雅”为基调，采用清代历史时期的园林建筑风貌，与虎丘后山的山林野趣、幽雅自然的景色融为一体。主体景观为“榭前有池，环以林木竹石，登榭而凭眺，如临镜奁，塔影山光，历历入画”，凭池借景、引塔影山光入池是其最大的特色。在一榭园景区中，亭台楼阁与引入园内的一汪清潭相映成趣，有壶天小阁、授书堂、宝顺斋、清风一榭等景点建筑约900平方米。一榭园的假山设计也颇具特色，全园叠石3000余吨，西部有较大的黄石假山，东部临水池岸筑成黄石驳岸。一榭园是一座“园以水胜”的水景园，着重突出水景，拥有近4000平方米的水面，巧妙引“塔影山光”入池，营造出独具魅力的特色景观。在园中观赏虎丘塔的倒影，是其一大特色，夕阳西下时更显出一番别样的韵味。,120.581623,31.33753,,
3,一枝园,姑苏区,姑苏区枫桥路枫桥风景名胜区江枫洲内,清,3000,国有,苏州市枫桥风景名胜区管理处,好,开放,游览服务,一枝园原为清嘉靖年间所建，系文字学家、训诂家段玉裁在枫桥寄居时的宅园，后全毁于兵燹，遗迹无存。2002年在江枫洲地区重建。一枝园全园布局规整，融建筑、叠山、理水、铺地、花木等造园要素为一体，运用苏州园林传统造园手法，主厅名江枫草堂，庭院中有飘渺峰、经韵楼、水月亭等景点。,120.568304,31.309475,,
3,师俭园,姑苏区,姑苏区马大箓巷37号,清,2600,私有,私人,好,不开放,私人,师俭园位于马大箓巷37号，原为晚清住宅，2004年进行修缮、整治并曾建了花园部分，是带有苏州园林风格的民居建筑，现为苏州市第54号控保建筑。师俭园总占地面积约2600平方米，其中建筑面积为1800平米，水面面积450平米，四面环通。园内花木众多，有挂牌的古树四株。园内布有太湖石假山，高低错落，另有独峯数只。,120.615094,31.313343,,
3,南石皮记,姑苏区,姑苏区南石皮弄4号,现代,500,私有,私人,好,不开放,私人,南石皮记位于南石皮弄4号，总面积500平米，是一个集5栋连排别墅的庭院建成的共享苏式园林花园。南石皮记于2001年动工兴建，耗时3年，打造成了“麻雀虽小五脏俱全”的现代苏式私家园林。园内种植50多种花木，使用了70多吨的太湖石假山。叠山理水，园林要素齐全，秉承了苏州传统造园的手法。园内屋檐上用玻璃来装饰，曲桥用了玻璃和石料结合，是该园的一个创新，既符合当代人的审美要求，又充分彰显了当代苏州园林特色。玻璃屋檐上的书法，作为装饰也记载着主人的哲学思想，三面分别是王羲之的《兰亭序》、怀素的《自叙帖》、杨凝式的《神仙起居法》，刚好是儒释道的三家思想的集成。,120.63594,31.297326,,
3,玉涵堂,姑苏区,姑苏区山塘街东杨安浜6号,明,5000,国有,苏州市山塘历史文化保护区发展有限责任公司,好,开放,游览服务,玉涵堂即吴一鹏故居，俗称阁老厅，位于苏州市山塘街东杨安浜。吴一鹏（1460—1542）字南夫，号白楼，明弘治六年进士，官至大学士、南京吏部尚书。建成于明嘉靖十年。正路第三进大厅玉涵堂，尚属明代遗构，其余分别为清中后期和民国初年改建的，后曾归安徽休宁王姓茶商。中华人民共和国成立后，作为苏州茶厂的生产车间，其余为居民住房。2002年归苏州市山塘历史文化保护区发展有限责任公司保护管理，2002年12月至2003年8月由苏州市山塘历史文化保护区发展有限责任公司进行了修复。玉涵堂坐北朝南，前临小河，东近通贵桥，过桥即山塘街。建筑面积5468平方米，可分为四路。其正路偏东，第一、二进为楼。第四、第五进为两厢连通的走马楼。第三进主厅即“玉涵堂”，面阔三间16米，进深六檩14米，扁作梁架，东西两山墙贴砖细墙裙，青石鼓墩柱础，轩敞古朴，尚属明代遗构，除主厅外，均为清代建筑。 全宅有砖雕门楼五座。宅后辟有真趣园，有假山、水池、五子亭、梅花草堂拜石轩、石拱桥、池、廊等。1982年10月被列为苏州市文物保护单位。,120.601386,31.317296,省级,
3,铜观音寺花园,吴中区,吴中区光福镇下街38号,南北朝,20000,国有,苏州市光福集团香雪海旅游服务有限公司,好,开放,游览服务,铜观音寺又名为光福寺，位于光福镇下街，建于梁朝天监二年（503），可谓吴地最古老的寺院之一。1400多年来，几经废兴，现存的大雄殿及西方殿都是清朝道光十二年（1831）的建筑物。其余建筑自1995年后陆续重建。铜观音寺总面积：40020平方米，其中假山：200立方米，水体：30平方米，植物：樱花、香樟树、桂花等。建筑：光福塔、天王殿、大雄殿、铜观音殿、送子阁、茶楼等。????光福寺的前身是私家住宅。据《吴门表隐》记载：陈黄门侍郎顾氏野王舍宅为寺，便有了光福寺，是吴中早期的寺观园林之一。,120.387974,31.296157,,
3,司徒庙后花园,吴中区,吴中区光福镇香雪村福湖路,汉,17600,国有,苏州市光福集团香雪海旅游服务有限公司,好,开放,游览服务,"司徒庙总面积：26680平方米；假山：300立方米；水体：2500平方米。 花木品种：柏树、梅树、黄杨、紫薇、白皮松、杨柳树等。 司徒庙现存庙宇殿舍两进，共二十余间。布局为传统院落式。前为墙门，门前分立石狮一对，进门沿主轴为山门、大殿。二者间由院落隔开，两侧有边厢，庙左附有院子，植有古柏名木，并置赏柏厅，厅后即为闻名于世的四株古柏园。四株古柏相传为邓禹亲手所植,至今已有两千多年历史。这四株古柏造型别致，姿态各异，虽经千年风霜雨雪，日曝雷击的侵袭，却依然遒劲壮观，犹如天然盆景，堪称天下奇绝。据传清代乾隆皇帝下江南巡视来此，被这四株古柏大为吸引，叹为观止，分赐四柏为“清”、“奇”、“古”、“怪”。 司徒庙，于1986年3月25日公布为吴县文物保护单位（包括古柏）。 司徒庙赏柏厅侧碑廊内，置有两部佛经。一部是《大佛顶如来密因修正了义诸菩萨万行首楞严经》，简称《楞严经》。一部是《金刚般若波罗蜜经》，简称《金刚经》。司徒庙内除了《楞严经》、《金刚经》两部石刻珍品外，另存有康熙二十八年（1689）巡幸光福邓尉山时的御书“松风水月”碑，碑高41厘米，宽96厘米。另有曾任国民政府主席等职的林森手书“般若船”石碑，碑文笔力遒劲，字体圆浑，亦堪为精品。 其后花园以水池为中心，亭台楼阁、小桥池塘一应俱全。园内植有古柏名木，其中四株古柏造型别致，姿态各异，相传为东汉司徒邓禹手植，至今已有两千年历史，清乾隆南巡时命名为“清、奇、古、怪”。内有大片梅园。",120.373426,31.287925,市级,
3,榜眼府第,吴中区,吴中区木渎镇下塘街32号,清,6800,国有,苏州市木渎旅游发展实业公司,好,开放,游览服务,榜眼府第位于木渎古镇下塘街32号，邾巷桥西，坐南朝北，面对古胥江运河。1998年9月正式启动榜眼府第修复工程，1999年3月份对外开放。土地面积6800平方米，建筑面积1569.86平方米。榜眼府第为林则徐弟子、近代政论家冯桂芬故居。榜眼府第为前宅后园结构，具有典型的清朝早期江南园林建筑风格，代表清朝中晚期官宦府第的建筑文化。前宅（中路）现存三进，分别为门厅、显志堂、芙蓉楼、后花园，显志堂为抬梁式扁作内四架厅堂。出显志堂西折有花篮厅和女书楼厅。尤其书房为罕见的满轩花篮厅结构，是古建筑中少有的精雕细刻的巧作，俗称对照花篮厅，是苏州少有的古建筑精品。花园以池为中心，亭、轩、廊、榭、桥和黄石假山散落其间，高低错落，绿树掩映，充满了诗情画意。榜眼府第以“江南三雕”(砖雕、木雕、石雕)为其主要特色。厅堂梁架上均雕有精美的抱梁云、山雾云等图案，雕梁画栋，气宇轩昂。其中花篮厅为宅中木精华之所在，宅内计有208扇门窗，全部按“诗、书、画、刻”要求设计制作。宅中现存石雕《盛世滋生图》及两座砖雕门楼，具有较高的艺术价值。也充分反映了地方的民俗文化和当时的建筑艺术水平。,120.515474,31.247657,,
3,虹饮山房,吴中区,吴中区木渎镇山塘街56号,清,10340,国有,苏州市木渎旅游发展实业公司,好,开放,游览服务,虹饮山房，原为清代文人徐士元的私家花园，位于香溪河畔山塘街56号。2001年，木渎镇政府从粮食局购回了虹饮山房原址地块，同期进行修复兴建，2002年对外开放。现总面积10340平方米，建筑面积3039平方。虹饮山房中部以中轴对称布局，中路舞彩堂为移建清代歇山顶草架六架堂屋，中柱落地，中间以八扇墙门为屏，东西次间以松竹梅落地飞罩作南北两堂的空间分割，南堂屋为圆作抬梁式三架船棚顶构架，正中上悬刘墉题写的“程子四箴”匾额。北堂屋为扁作抬梁式三架船棚顶，屏前置九龙椅和书案，相传为乾隆登岸在此小憩观戏之龙椅，打开舞彩堂北面落地长窗，迎面“春晖楼”前戏台高架突现眼前，春晖楼左右以二层回廊与东西两厢敝廊联接，两角缀以重檐方亭。舞彩堂四周环以敝廊，廊厦均为一炷香鹤颈轩结构。堂前庭院东南有体量较大的八角重檐亭一座，名为“翠幄”。虹饮山房西侧为秀野园，现为木渎圣旨珍藏馆和科举制度馆。“秀野草堂”偏东，坐北朝南。堂屋构架为三间抬梁式传统木结构，悬山屋面，堂前平台宽敞，三面临水，后有廊屋东联虹饮山房，西接乐饥斋、蕉绿轩，南面水池池广近二亩，水面宽广，清澈旖旎。池南羡鱼亭、曲桥、冰荷蓬、竹啸亭错落环绕，或临水，或踞山巅，湖中小岛又有笠亭点缀，视线透过西北角，明月寺屋面勾勒出优美的天际轮廓线，远处灵岩山寺又直奔眼底。,120.512707,31.250291,,
3,瑞园,吴中区,吴中区太湖度假区香山街道舟山村99号,现代,19000,企业,苏州市瑞丰圆生态旅游发展有限公司,好,不开放,单位使用,瑞园位于姑苏城之西南，北依穹窿山，南濒太湖，远离闹市，是历代名人雅士理想的隐居之地。瑞园由香山帮国家级非遗传人、薛福鑫先生担纲设计，省级非遗传人薛林根、郁文贤、韩建贤率领苏州太湖古建耗资上亿元，历时六年建成。瑞园地广三十余亩，集苏州园林至精髓，园内有天香楼、海棠轩、藕香榭、花蓝厅、鸳鸯馆等，厅堂轩敞，曲径通幽，顺山势而高下，园内湖塘宽广，闪光云影相接，池畔湖石玲珑。瑞园名树古木众多，奇果异卉，四时芳华不断，其中以“孩儿莲”最为珍贵，“孩儿莲”又称红茴香，目前苏州少有几棵，瑞园这棵树龄已有百年。,120.427176,31.247648,,
3,小筑春深,吴中区,吴中区临湖镇临湖路999号太湖园博园内,现代,18000,国有,苏州太湖旅游发展集团有限公司,好,开放,游览服务,“小筑春深”为第九届江苏省园艺博览会苏州园参展项目，小筑春深以传统苏州古典园林的造园要素为蓝本，借助太湖真山真水风光，成为苏州园林的新范本。园内占地面积约18000平方米，建筑面积约270平方米，有院、堂、池、坡、涧、山、谷、径、坞等景点。,120.456879,31.140462,,
3,灵岩山寺花园,吴中区,吴中区木渎镇灵岩山寺内,春秋,6000,国有,苏州市灵岩山寺,好,开放,游览服务,花园位于寺庙西部，是春秋时期馆娃宫的御花园。花园地势高于中部殿基，有吴王井、智积井、玩花池、玩月池、梳妆台、琴台等吴宫古迹。圆形的吴王井，又称日井，相传是西施照影整容的地方。八角形的智积井，又称月井，原为吴王宫井，经南朝智积修浚，题为智积井。井边有玩花池和玩月池，当年西施曾在此观花赏月，采莲为乐。在吴王井后，有梳妆台，是西施梳妆之所，现台上建长寿亭。在池西，有琴台，是西施操琴鼓瑟处，这里是灵岩山绝顶，景致佳绝。石上刻有“琴台”二字，并有明代大学士王鏊手书“吴中胜迹”。,120.501571,31.262398,,
3,乡畦小筑,吴中区,吴中区木渎镇天灵路98号天邻风景花园内,现代,1200,私有,私人,好,预约开放,私人,“乡畦小筑”位于姑苏城南，灵岩山下，于2003年2月开始动工，历时十三年，占地约3亩。“乡畦小筑” 将以苏州园林为特色的亭台、楼阁、叠山、理水、花木等元素运用其中，打造出一个集居住、休闲为一体的新苏式园林空间。园中南入口处堆建太湖石假山共200余吨，意为：“开门见山，小中见大，别有洞天”。假山背面即为一汪池水，依傍假山，引一缕瀑布入池，池中建有曲桥，曲径拱桥，连廊壁雕，满塘风荷。池水最西面连接入山亭，水池东面建有一船舫。园中西侧建有一半亭，倚墙而筑，半隐半露，含蓄而又平添乐趣。园中花木种类多达30余种，遮隔景深，藏露互补；时而幽曲，时而开朗，有分有合，互相穿插，给人以“山重水复疑无路，柳暗花明又一村”之感。,120.632103,31.2459,,
3,道勤小筑,吴中区,吴中区东山镇杨湾寺前村,现代,2100,私有,私人,好,不开放,私人,“道勤小筑”（勤园）于2011年动工，耗时两年，在占地三亩的基础上营造了以苏式园林为要素的院子。将苏州园林的亭台、楼阁、叠山、理水、植树等手法均运用其中，打造出一个属于自己的理想居住、休闲为一体的宅园。,120.33961,31.038578,,
3,醉石山庄,吴中区,吴中区东山镇槎湾和杨湾之间环山路,现代,12000,私有,私人,好,开放,民宿酒店,醉石山庄位于苏州东山杨湾，山庄内楼台庭榭，小桥流水，叠石书画，一有尽全，园林要素齐全，属山地园林。主建筑为一座墨绿色的三层建筑，以黄石为楼基，藤蔓缠绕，住处的摆饰都是自然的本质的，脸盆石凳也都是用青石和花岗岩凿成，每间房子都伴有书画雕刻金石，桌上瓜果鲜花。拾阶而上，门厅中央矗立着一块墨绿而透滑的灵壁石，四周是黄杨木精心雕花镂空的门栏。走过门洞，进入回廊，一边是山石重叠，水池漾漾，绿树成趣，花影婆裟，一边是书画依墙，石壁镶嵌，廊内廊外虽是现代的大块玻璃相隔，却自然相趣呼应，浑然一体。长廊尽头，是层层迭迭的黄石假山，假山的四周却是环绕的水流。跳过石垫，引身入洞，顿觉山路曲折，变幻莫测。,120.367054,31.04807,,
3,后乐园,相城区,相城区阳澄湖镇凤阳路5号,现代,22000,企业,苏州金澄经济技术研究发展有限公司,好,不开放,单位使用,后乐园以范仲淹之“先天下之忧而忧、后天下之乐而乐”名句为园名，在阳澄湖畔建园，总共占地约34亩，由苏州香山帮匠人历时2年建造而成。后乐园由东花园，西花园，南花园组成，长廊百米，各式漏窗七十多扇，更有两处巨大的山石镂空照壁。“问樵门”、“羡鱼门”、“守拙门”三处与外园相接，别与云香雨片别馆、古船舫茶寮、皇華阁香堂、醉软轩膳房和春秋物语明清家具博物馆为邻。进入园内，共有十八去处，鸿广堂、闻道斋，怀德堂、小飞虹、戏云台、紫东阁水榭、骏逸亭、狮峰山等各景点遥相呼应。并以“归云寄”、“含露”、“洗月”、 “巻庐”、“竹籁”、“嘉顺”等各处回廊、花径，曲折串联。后乐园博取众长，汇聚苏州园林之精髓，叠山理水、建亭筑台、莳花栽木，以渔樵耕读的理念来构建园林，并以师法自然的哲学来创造出另一个 “自然”。 园中，四面厅更是汇古今之文脉，聚南北西东之气象。作为后乐园文化的辅助设施及补充功能，该园还拥有“春秋物语馆”，展示厅面积近1200平米，展出明清家具及宫廷物品，名人用具、宣炉等珍稀物件。,120.690569,31.486691,,
4,端本园,吴江区,吴江区黎里镇黎里社区中心街68号大观弄底,清,390,国有,苏州市黎里文化旅游发展有限公司,好,开放,游览服务,端本园，位于江苏省吴江市汾湖镇黎里社区中心街68号大观弄底。系清乾隆年间（1736--1795）所建，同治年间重建。据清嘉庆《黎里志》记载，端本园为清乾隆初年通判陈鹤鸣所建。陈鹤鸣有子侄五人，均是清廷官吏，他的儿子绚文，曾与清宗室联姻，所以有“端本园”为“郡马府”之说。端本园本是邑中名园，该园原有曲廊、荷花池、回廊、假山、亭、榭、楼、轩等建筑，园中植有桂树两株，故楼名“双桂楼”。现存双桂楼一幢、六角亭一座以及部分回廊、假山。,120.646155,30.901035,市级,
4,南社通讯处旧址,吴江区,吴江区黎里镇浒泾南路28号,清,1508,国有,苏州市黎里文化旅游发展有限公司,好,开放,游览服务,南社通讯处位于黎里浒泾街中段，寿恩堂是黎里第一大姓周家私宅。康熙四十年（1701）周氏始迁祖周奇龄建造，面阔五开间，进深为六进，门厅、轿厅、正厅，四五两进内宅建成走马堂楼，康熙五十年（1711）竣工。乾隆廿四年（1759），周元理及其儿子在左边营建东路，第一进三开间门面房加一个墙门间，后面紧接小花园，取名成园。成园后一座花厅名开鉴草堂，北面紧接红蕉馆和赋秋声处两幢楼房。两路建筑后面，再建一排九开间辅助用房。岁月流逝，至1980年，全部建筑仅存西路沿街第一进五楼五底门面房和第四五两进走马堂楼。,120.708549,30.989307,市级,
4,尚志堂吴宅,姑苏区,姑苏区西北街88号工艺美术馆,清,4300,国有,苏州创元投资发展（集团）有限公司,好,开放,游览服务,尚志堂吴宅（苏州工艺美术馆）位于西北街58、66、88号。2003年被列为苏州市控制保护建筑，2009年被列为第六批苏州市文物保护单位，2011年被列为江苏省文物保护单位。宅坐北朝南，三路四进。东为正路，现第二进为大厅，面阔三间13米，进深九檩13米。扁作大梁，雕有包袱锦“百蝠流云”。两山墙细砖贴面。厅前石板铺地，院墙瓦檐下饰清水砖斗三升牌科和抛枋。南有双面砖雕门楼。西路存楼二进和乾隆二十三年(1758年)门楼三座，砖雕甚精。1954年，尚志堂中路归檀香扇厂作为厂房使用，东西两路仍为民居。2002年8月，檀香扇厂进行改制调整，利用中路建筑筹建“苏州工艺美术博物馆”。2003年1月16日，正式建成开馆。尚志堂吴宅（苏州工艺美术博物馆）主体现为苏州工艺美术博物馆，坐北朝南，三路四进。东为正路，现第二进为珍宝展示厅，厅南有双面砖雕门楼，厅北为一小园，花木茂盛。第三进为三开间带两厢楼厅，楼下轩有包袱锦雕刻。第三、四进楼厅间也有庭园，有亭、廊等建筑。第四进为堂楼。2002年以典型苏式园林特点进行装修改造，移植了百年枇杷树、樱桃、海棠、樱花、梅花、山茶、金玉兰、芭蕉树、枫树等二十余种名贵树种，多姿的古树、飞翘的屋檐，灵透的太湖石假山重峦叠嶂，园林的每一个角落都让人沉醉。该吴宅有四处庭院栽满花草，一年四季花开不断，墙角的藤蔓铺陈一卷江山，一路回廊即便是在雨季也让美景尽收眼底，夏天在此遮凉避暑更是美不胜收。,120.624569,31.322505,省级,
4,全晋会馆,姑苏区,姑苏区平江路中张家巷14号,清,3600,国有,苏州戏曲博物馆,好,开放,游览服务,中国昆曲博物馆坐落在苏州平江历史保护街区中张家巷14号，馆内现藏有昆曲、苏剧及其他剧种，苏州评弹及其他曲种等各类文物古籍、珍贵史料三万余册。中国昆曲博物馆系全国唯一的集昆曲的历史、文化、艺术于一体，以陈列、展演、保藏、利用、研究为宗旨的专业艺术博物馆，其前身为全晋会馆（2006年被列为全国重点文物保护单位）。苏州全晋会馆又名山西会馆，光绪五年（1879）由山西寓苏晋商集资共建。全晋会馆是苏州历史上众多会馆、公所中现存最完整、并具有代表性的古建筑群，是苏州现存最为精美的古戏台之一。1986年，苏州市政府决定成立苏州戏曲博物馆，戏博馆址定在全晋会馆。同年10月，苏州戏曲博物馆正式对外开放。2001年5月18日，发源于苏州的中国昆曲被联合国教科文组织列为首批“人类口述和非物质文化遗产代表作”。为更好地保护与弘扬昆曲艺术，经国家文化部和江苏省政府批准，在原苏州戏曲博物馆的基础上，仍利用全晋会馆馆址，立项筹建中国昆曲博物馆。2003年11月，中国昆曲博物馆正式对外开放。古戏台是整个全晋会馆的精华所在。戏台坐南朝北，戏楼分为两层，低层为仪门及两廊，楼层由北伸出式戏台、横列五开间的后台和左右各纵联五间的厢楼组合而成。戏台为歇山筒瓦顶，双戗飞翘。额枋雕饰龙凤及戏文图案，正面悬垂木雕花篮、狮子各一对。戏台面宽6.78米，进深6.38米，台高2.96米，脊高约10米。台顶穹窿藻井直径约4米，深约1.3米，由324只黑色蝙蝠浅雕与306颗云头圆雕榫卯构件组成18层螺旋向上的蟠龙纹饰，不仅彰显了绝妙的古典建筑艺术之美，更起到了“余音绕梁，三日不绝”的扩音作用。该戏台是苏州现存古典戏台中最为精美的一座，深得著名美籍华裔建筑大师贝聿铭的赞誉。,120.635762,31.312818,全国,
4,苏州博物馆花园,姑苏区,姑苏区东北街204号,现代,10700,国有,苏州市文化广电新闻出版局,好,开放,游览服务,苏州博物馆成立于1960年，是一座苏州地方综合性历史艺术博物馆。1999年苏州市委、市政府邀请贝聿铭设计苏州博物馆新馆。2006年10月6日，苏州博物馆新馆建成并正式对外开放。 苏州博物馆新馆花园又名创意山水园，是在古典园林元素基础上精心打造出的创意山水园，由铺满鹅卵石的池塘、片石假山、直曲小桥、八角凉亭、竹林等组成，既不同于苏州传统园林，又不脱离中国人文气息和神韵，片石假山位于主庭院创意山水园，以壁为纸，以石为画，从石头着力，呈现出清晰的轮廓和剪影效果，看起来仿佛与旁边的拙政园相连，新旧园景笔断意连，巧妙地融为一体。,120.627726,31.32294,,
4,忠王府,姑苏区,姑苏区东北街204号,清,10650,国有,苏州市文化广电新闻出版局,好,开放,游览服务,太平天国忠王府位于江苏省苏州市东北街，与拙政园相邻，是清代农民起义政权太平天国忠王李秀成的王府，是当年太平天国留存下来的最完整的建筑物，也是中国历史上遗存下来最完整的农民起义军王府，1961年被国务院公布为全国重点文物保护单位。1860年7月，李秀成建立苏福省。8月，召集工匠，将拙政园旧址及东部潘爱轩宅、西部汪硕甫宅三处扩为王府之用。“匠作数百人，终年不辍”。历时三年有余，建成一座集公署、住宅、园林为一体的宏伟建筑群。占地10650平方米，现基本保存了原有中路、东路和西路的建筑格局。2023年5月18日，历经半年修缮及布展工程的忠王府即将以全新的面貌与公众见面。据悉，忠王府基本陈列位于建筑中路，以大殿为核心，辐射东西庑廊。展览主题以“忠王”李秀成的一生为视角，再现太平天国历史往事。后殿结合东西厢房，艺术化呈现忠王府彩画之美。,120.627726,31.32294,全国,
4,墨客园,姑苏区,姑苏区平江路大新桥巷10号,清,1980,私人,苏州市香墨文化发展有限公司,好,开放,民宿酒店,清末，清政府在此设立儿童福利院。民国时开办小学，新中国成立后先后为娄新小学、大新桥巷小学、中共平江区委党校。1979年起，由于房屋老化严重，建筑被废弃空关。2009年，张桂华通过土地拍卖购得空置的校址。2010年，通过市、区政府的规划及文物等古城保护相关部门给予的业务指导和审批服务，业主完成了土地证办理，取得了修建方案规划审批。并按照修建古典园林经典宅院的目标建设“墨客园”，先后投入数亿元。从方案设计到修缮施工，委托江南富有文物建筑修缮经验的苏州计成文物建筑工程有限公司全程实施。依据苏州古典园林设计手法，运用传统建筑营造技艺进行修葺重塑，持续十年时间施工营造，“慢工出细活”，恢复了三路五进的传统建筑格局，打造了一座集传统与现代、古典与时尚、婉约与华贵为一体的私家园林。墨客园置有六景，即松风涌泉（泉）、秀山飞瀑（瀑）、千莲和合（荷）、水殿清凉（榭）、半亭问月（亭）、万柿如意（柿），以水为核心，于方寸间，再造乾坤，亭台楼阁、山水萦绕、花木繁茂，让百年老宅重现昔日神采风韵。园内场景布局集合了点茶、焚香、挂画、插花“四般雅道”，寻竹、访荷、问菊、探梅“四般雅会”，清供、问琴、和曲等“十八般雅事”，把中国文人文化和生活哲学充分融合。2017年5月，墨客园作为园林式人文酒店正式开门纳客。“墨分五色存乎天然道，客自四方乐哉物外情”。墨客园所倡导的“墨客”文化，以中国传统文化中最具代表、最为经典的儒、释、道哲学体系作为基本依据，营造清逸优雅的空间，呈现天人合一、身心愉悦的意境，把雅生活的方式融入到日常服务。,120.634535,31.315317,,
4,揖秀园,姑苏区,姑苏区吴趋坊79-1号,现代,2330,私人,李金康,好,不开放,私人,假山: 靠壁邻水，可行人穿山而过；水体: 中西北三个荷花池互通互连；植物: 黄杨、桂花、腊梅、红枫、桔树、牡丹、松树迎春、芭蕉、榆树；建筑: 将军门、圆门、六角亭、花蓝厅、石舫、廊桥、扇亭、半边亭、廻廊,120.610602,31.311911,,
4,延林园,姑苏区,姑苏区西北街50号（竹之苑）31幢,现代,585,私人,吴义刚,好,不开放,私人,延林园，延林乃延陵之意，吾率祖泰伯后十八世寿梦封季札于延陵其子在亡国后奉祀延陵季子宗庙守家园，乃延陵吴氏主干，一百九世吴义刚二零零五年八月经房产公司购得此园为纪念先祖遂名。园土面积伍佰捌拾平方余，房占地面积壹佰三拾平米，承建此园苏州计成文物公司循园主意建廊砌亭，造厅筑轩，叠山理石，挖池疏水，雕砖镂石，刻木塑泥，移花栽木。园分南北：南有廊、厅、轩，亭。荷花池、白玉池，湖石假山，砖雕门楼。园内植桂花、橘树、紫薇、芭蕉、红继木、海棠、紫玉兰、石榴、松、竹、梅等及各种草木藤本花卉。北有萝篱田园之趣，自植果蔬，品农耕之乐。门楼“延林园”三字乃苏州书法家协会主席李大鹏先生亲题。门楼砖雕刻载率祖“泰伯三让”二十世先祖吴王“阖卢筑城”之掌故，“采菽轩”为忆祖屋“采菽堂”而名（现苏州工艺美术博物馆“尚志堂”）。“锦秀亭”有迎晨曦，锦绣前程亦有锦鱼嬉戏之意。园中诗文乃自作。,120.625884,31.32293,,
4,芥舟园,吴中区,吴中区金庭镇东蔡村秦家堡,清,200,私人,秦怀平,中,不开放,私人,"芥舟园位于苏州市吴中区金庭镇缥缈村西蔡，始建于清代中叶，系北宋词人秦观后裔秦氏家族故居组成部分，属香山帮营造技艺的典型代表。该园以《庄子·逍遥游》""覆杯水于坳堂之上，则芥为之舟""典故命名，现存黄石假山、微云小筑书房及树龄数百年的罗汉松等清代遗构。1979年文物普查发现后，于1986年被列为吴县文物保护单位，现为苏州市文物保护单位。2020年通过传统村落保护工程实施修缮，计划纳入古村游开放项目",120.266261,31.095486,市级,
4,石湖梅圃,吴中区,吴中区吴越路47号上方山森林公园内,现代,10000,国有,苏州市园林和绿化管理局,好,开放,游览服务,江南人爱梅，多植梅树。南宋“石湖居士”范成大隐居石湖后，于玉雪坡植梅数百株，所居范村广植梅菊，并著有《范村梅谱》等传世。石湖梅圃2015年竣工，总投资1000多万，占地面积约12亩，内有梅溪精舍、瑞华轩、玲珑馆、醉石山房等建筑，园内遍植梅树，尤以梅桩为甚，是一处历史与人文自然和谐交融的盆景专类园。,120.587745,31.251785,,
4,嘉树堂,吴中区,吴中区东山镇金嘉巷18号,清,960,私人,王惠康,好,不开放,私人,本园林原是东山本地富庶人家园林古宅的庭院部分。十年前开始，历经3年慢慢修复。嘉树堂内梁上有贴金彩绘，年份在300年以上。天井中一对古腊梅也是原有的，树龄300年以上。藤和平月季具有历史意义，出自法国原总理蓬皮杜访华时赠送的月季。,120.405272,31.085125,,
4,维摩精舍,吴中区,吴中区金庭镇金庭路5号,现代,320,私人,王惠康,好,开放,民宿酒店,本园林为酒店配套园林，建于2014年，其中心部分约130m2，设有水榭和茶室，对面可观赏主假山一座，上中下三水池连接，溪水跌瀑，并有洞壑天桥，蹬道踏步，山峦起伏，连接主建筑——戏台。戏台对面有临水平台可观赏，旁悬“维摩精舍”匾额于廊中。小圆面积虽不大，但异常精致，体现了苏州古典园林的精髓和特色。,120.319849,31.135604,,
4,惠和堂,吴中区,吴中区东山镇陆巷古村内,明,5000,国有,苏州市吴中区东山镇旅游开发有限公司,好,开放,游览服务,惠和堂位于吴中区东山镇陆巷古村内，为王鏊故居。占地面积5000平方米，建筑面积3000平方米，是明基清建的大型群体厅堂建筑的典型。该堂进深五进，纵向轴线三路。中轴线上有门厅、轿厅、大厅、前楼、后楼及花园；左右轴线上有花厅、客厅、书厅、住楼等，其间有备弄相通，天井相隔。惠和堂现为王鏊纪念馆。惠和堂是陆巷古村景点中的核心景点之一，其传统文化深远，历史价值巨大，既是一个古代宰相的私家园林，又是当代的一座艺术宝藏，影响甚远。,120.359598,31.075155,,
4,怀古堂,吴中区,吴中区东山镇陆巷古村内,明,3000,国有,苏州市吴中区东山镇旅游开发有限公司,好,开放,游览服务,怀古堂位于吴中区东山镇陆巷古村内，总面积5000平方米。怀古堂俗称王家祠堂，系明代王鏊家族用来祭祀祖先，宗族议事的地方。后沦为村中米仓、米行。上世纪80年代由苏州许氏购得，经过改造、修缮，起名“怀古堂”，又因园内面积不大，故起名“粒园”。现为苏州商人张氏购下，再修缮而成今之规模。堂分三进，即门厅、大厅、后楼，还有前院、上院和花园。花园布局工整，舒朗有致，亭台假山，瀑布长廊，一应俱全。,120.359598,31.075155,,
4,宝俭堂,吴中区,吴中区东山镇陆巷古村内,宋,6000,国有,苏州市吴中区东山镇旅游开发有限公司,好,开放,游览服务,宝俭堂位于陆巷蒋湾港嵩峰山麓，始建于宋代，明清时期多有修缮。初为叶梦得故宅，叶梦得(1077-1148)，宋代左丞、户部尚书、大学士、文学家、词人，《四库全书总目》称叶梦得：“文章高雅，尤存北宋之遗风”。叶梦得的次子叶程，官中奉大夫，定居于东山，是为东山叶氏之始祖。叶梦得墓葬于乌镇卞山，东山叶氏后裔，每年清明仍有去乌镇扫墓之习。因叶家明后至清，从事盐业，富甲一方。但他们也不忘祖恩，为善乡里，积善积德节俭修身为治家之训，遂命此为“宝俭堂”。明代时，宝俭堂占地6000多平方米，坐北朝南有3条轴线，中轴线上有正门门厅、轿厅、大厅、楼厅、中轴线南为正门住宅的前导空间，南有八字照墙，墙上置有拴马环，西轴线上有附房、花厅、书房、佛楼、西花园等建筑，东轴线上有钟楼、楼房、东花园等建筑。东花园又名梦园，占地不大，然则以小巧精雅著称。园中有景，园外环山，建筑多而不拥，山池小而不局促，体现了苏州古典园林以小见大的造园艺术。宝俭堂一直到抗战时期，均为叶家后裔所居。1946年，苏州地下党到宝俭堂，以创办陆巷国民小学作掩护，成了新四军和太湖游击队召开秘密会议、掩护接送干部、运送粮食弹药的地下交通站。中华人民共和国成立后，宝俭堂收归国有，先后曾安排过几十户居民居住。2001年，苏州许氏个人出资购买了宝俭堂，又历时四年，对宝俭堂修缮后开放。,120.3648,31.074014,,
4,东山雕花楼,吴中区,吴中区东山镇紫金路58号,民国,10000,国有,苏州市吴中国裕资产经营有限公司,好,开放,游览服务,东山雕花楼座落在山清水秀的东山镇紫金路58号。大楼建于1922年，由东山“钻天洞庭”的杰出代表，上海滩棉纱大王金锡之、金植之兄弟俩建造，当时雇佣了250多名香山帮工匠，整个工程历时三年多时间。2006年9月雕花楼(即春在楼)景点被列为全国重点文物保护单位。 东山雕花楼整体建筑上呈中西结合，以中为主。占地面积为10000多平方米，主体建筑分为照墙、砖雕门楼、前楼、后楼、花园、膳房等，并以厢房（楼）相连，整体建筑布局合理、规模宏大，为典型的江南苏派建筑。 雕花大楼最具特色的是建筑雕刻艺术。在 2242平方米建筑面积的楼体上，有3854幅，其中木雕花有2708幅、砖雕有289幅、金雕有611幅、石雕有86幅、泥雕有160幅，使大楼无处不雕，无处不刻。目不暇接的雕刻艺术，有砖雕、木雕、石雕、金雕，在雕法上又分为浮雕、圆雕、透雕、阴雕。每幅雕刻作品刀工娴熟，线条流畅。在雕刻作品内容上以诗为雕，以戏为刻，以圣为雕，以花为刻，浓重地展示了优秀的传统文化。雕花楼独具匠心、精雕细刻的建筑艺术，是我们古代建筑文化的集卷，是国家级非物质文化遗产“香山帮”古建经典的传世佳作。 近年来在各级政府以及主管部门的关心支持下，依托雕花楼深刻的文化内涵，在加大文物保护的前提下，加大了对文物的利用力度。2007年开始，投入7000万元，对雕花楼的环境和服务设施依法进行了整治和改造。整治后的东山雕花楼花园部分亭台楼阁、曲径通幽、小桥流水、鸟语花香，同时和着重保护的古银杏林相映呈辉，使雕花楼的周边环境更加幽静，更加古朴。,120.405111,31.078684,全国,
4,雕花楼（任本堂）,吴中区,吴中区金庭镇堂里村,清,17523,私人,苏州太湖西山雕花楼博物馆有限责任公司,好,开放,游览服务,西山雕花楼，又名仁本堂，位于苏州市吴中区金庭镇堂里村。总面积约为6000平方米。仁本堂的始祖是南宋官宦徐吉卿。乾道六年（1170）4月，徐吉卿去世，安葬在堂里的墓穴，他的次子徐大本带妻儿老少落户堂里，守墓祭祀。清乾隆四十四年（1779），徐氏后代在康熙年间建造的祖屋地基上扩建住宅。道光元年（1821）正厅竣工，取名“仁本堂”，即现在的老屋。咸丰三年（1853），徐吉卿后代徐敬之在仁本堂左侧建起了新屋。园内假山3座，水体1处，建有亭、楼等建筑多座。,120.241251,31.124301,,
